{"cameraMode":{"drawMode":0,"name":"Shaded","section":"Shading Mode"},"sceneLighting":true,"audioPlay":false,"sceneViewState":{"showFog":true,"showMaterialUpdate":false,"showSkybox":true,"showFlares":true,"showImageEffects":true,"showParticleSystems":true},"in2DMode":false,"pivot":{"x":288.1484375,"y":351.85235595703127,"z":-0.43749991059303286},"rotation":{"x":0.02663956768810749,"y":0.028486110270023347,"z":-0.0007594558410346508,"w":0.999240517616272},"size":162.88601684570313,"orthographic":true}