{"cameraMode":{"drawMode":0,"name":"Shaded","section":"Shading Mode"},"sceneLighting":true,"audioPlay":false,"sceneViewState":{"showFog":true,"showMaterialUpdate":false,"showSkybox":true,"showFlares":true,"showImageEffects":true,"showParticleSystems":true},"in2DMode":false,"pivot":{"x":0.8875885009765625,"y":-25.864356994628908,"z":10.239433288574219},"rotation":{"x":0.4373665153980255,"y":-0.010792038403451443,"z":0.005249119829386473,"w":0.899215817451477},"size":49.338844299316409,"orthographic":false}