{"cameraMode":{"drawMode":0,"name":"Shaded","section":"Shading Mode"},"sceneLighting":true,"audioPlay":false,"sceneViewState":{"showFog":true,"showMaterialUpdate":false,"showSkybox":true,"showFlares":true,"showImageEffects":true,"showParticleSystems":true},"in2DMode":false,"pivot":{"x":-51.25370788574219,"y":-2.905229091644287,"z":0.0980367660522461},"rotation":{"x":0.041599489748477939,"y":-0.6027737855911255,"z":0.031492382287979129,"w":0.7962098717689514},"size":52.90769958496094,"orthographic":false}