{"cameraMode":{"drawMode":0,"name":"Shaded","section":"Shading Mode"},"sceneLighting":true,"audioPlay":false,"sceneViewState":{"showFog":true,"showMaterialUpdate":false,"showSkybox":true,"showFlares":true,"showImageEffects":true,"showParticleSystems":true},"in2DMode":false,"pivot":{"x":1.7371580600738526,"y":1.4181184768676758,"z":-12.201953887939454},"rotation":{"x":-0.23945769667625428,"y":-0.005245591513812542,"z":0.0012936823768541217,"w":-0.9708917140960693},"size":5.819354057312012,"orthographic":false}