{"cameraMode":{"drawMode":0,"name":"Shaded","section":"Shading Mode"},"sceneLighting":true,"audioPlay":false,"sceneViewState":{"showFog":true,"showMaterialUpdate":false,"showSkybox":true,"showFlares":true,"showImageEffects":true,"showParticleSystems":true},"in2DMode":false,"pivot":{"x":-22.012346267700197,"y":-21.240962982177736,"z":30.86482810974121},"rotation":{"x":0.2146056890487671,"y":-0.23890431225299836,"z":0.05422671139240265,"w":0.9454793930053711},"size":57.82869338989258,"orthographic":false}