{"cameraMode":{"drawMode":0,"name":"Shaded","section":"Shading Mode"},"sceneLighting":true,"audioPlay":false,"sceneViewState":{"showFog":true,"showMaterialUpdate":true,"showSkybox":true,"showFlares":true,"showImageEffects":true,"showParticleSystems":true},"in2DMode":false,"pivot":{"x":0.39289477467536929,"y":0.818734884262085,"z":-4.569514274597168},"rotation":{"x":0.20705270767211915,"y":0.04693270102143288,"z":-0.00996448565274477,"w":0.9771853089332581},"size":13.644185066223145,"orthographic":true}