{"cameraMode":{"drawMode":0,"name":"Shaded","section":"Shading Mode"},"sceneLighting":true,"audioPlay":false,"sceneViewState":{"showFog":true,"showMaterialUpdate":true,"showSkybox":true,"showFlares":true,"showImageEffects":true,"showParticleSystems":true},"in2DMode":false,"pivot":{"x":720.24658203125,"y":443.0410461425781,"z":61.76405334472656},"rotation":{"x":0.02429579757153988,"y":-0.013500099070370198,"z":0.00031332901562564075,"w":0.9996472001075745},"size":1203.655517578125,"orthographic":false}